id,claim,model,repetition,label,explanation,valid_json
1,At first I thought he jammed it by inserting his finger into the trigger guard behind the finger.,qwen-2.5-7b,0,sarcastic,"The phrase humorously suggests an absurd method of jamming a firearm, not a literal advice.",True
1,At first I thought he jammed it by inserting his finger into the trigger guard behind the finger.,qwen-2.5-7b,1,sarcastic,The phrase humorously misinterprets the action of inserting a finger as jamming a firearm.,True
1,At first I thought he jammed it by inserting his finger into the trigger guard behind the finger.,qwen-2.5-7b,2,sarcastic,The phrase 'jamming' a trigger with a finger is not a literal action.,True
1,At first I thought he jammed it by inserting his finger into the trigger guard behind the finger.,qwen-2.5-7b,3,sarcastic,The phrase is humorously misrepresenting a literal action as an illegal one for comedic effect.,True
1,At first I thought he jammed it by inserting his finger into the trigger guard behind the finger.,qwen-2.5-7b,4,sarcastic,The phrase humorously misinterprets a firearm safety feature as a body part insertion.,True
1,At first I thought he jammed it by inserting his finger into the trigger guard behind the finger.,qwen-2.5-7b,5,sarcastic,The phrase 'jamming' a trigger with a finger is not a literal action.,True
1,At first I thought he jammed it by inserting his finger into the trigger guard behind the finger.,qwen-2.5-7b,6,sarcastic,"The phrasing suggests mockery of the mistake, implying one would not insert a finger into a gun's trigger guard.",True
1,At first I thought he jammed it by inserting his finger into the trigger guard behind the finger.,qwen-2.5-7b,7,sarcastic,The phrase 'jamming' a trigger with a finger is not a common or literal action.,True
1,At first I thought he jammed it by inserting his finger into the trigger guard behind the finger.,qwen-2.5-7b,8,sarcastic,The phrase humorously misinterprets the action of inserting a finger as if it were a jammed firearm.,True
1,At first I thought he jammed it by inserting his finger into the trigger guard behind the finger.,qwen-2.5-7b,9,sarcastic,The phrase 'jamming' a trigger with a finger is not a common or literal action.,True
2,The Browns don't know shit when it comes to QB's.,qwen-2.5-7b,0,sarcastic,Criticism disguised as observation.,True
2,The Browns don't know shit when it comes to QB's.,qwen-2.5-7b,1,sarcastic,This statement is likely sarcastic as it criticizes the Browns' knowledge of quarterbacks.,True
2,The Browns don't know shit when it comes to QB's.,qwen-2.5-7b,2,sarcastic,Statement expresses negative opinion in a sarcastic tone.,True
2,The Browns don't know shit when it comes to QB's.,qwen-2.5-7b,3,sarcastic,Statement criticizing the Browns' poor history with quarterbacks.,True
2,The Browns don't know shit when it comes to QB's.,qwen-2.5-7b,4,sarcastic,This statement is likely sarcastic as the Cleveland Browns have had successful quarterbacks.,True
2,The Browns don't know shit when it comes to QB's.,qwen-2.5-7b,5,sarcastic,Statement criticizes the Browns' knowledge of quarterbacks in a mocking tone.,True
2,The Browns don't know shit when it comes to QB's.,qwen-2.5-7b,6,sarcastic,This statement is likely sarcastic as praising the Browns' knowledge about quarterbacks would be unusual.,True
2,The Browns don't know shit when it comes to QB's.,qwen-2.5-7b,7,sarcastic,This statement is likely sarcastic as it criticizes the Browns' team's knowledge of quarterbacks.,True
2,The Browns don't know shit when it comes to QB's.,qwen-2.5-7b,8,sarcastic,"Statement is clearly negative and critical, indicating sarcasm.",True
2,The Browns don't know shit when it comes to QB's.,qwen-2.5-7b,9,sarcastic,Statement is likely sarcastic as it negatively stereotypes the Browns' knowledge of quarterbacks.,True
3,Mario didn't play as many games,qwen-2.5-7b,0,sarcastic,Suggests Mario is inactive when he is a video game character who plays many games.,True
3,Mario didn't play as many games,qwen-2.5-7b,1,sarcastic,Saying Mario didn't play games is sarcastic as Mario is a character known for playing many games.,True
3,Mario didn't play as many games,qwen-2.5-7b,2,sarcastic,Suggesting someone didn't play games is sarcastic if meant to imply they played a lot.,True
3,Mario didn't play as many games,qwen-2.5-7b,3,sarcastic,Saying Mario didn't play games is sarcastic since he is known for playing many games in the Nintendo universe.,True
3,Mario didn't play as many games,qwen-2.5-7b,4,sarcastic,Suggesting someone played less games is sarcastic without context.,True
3,Mario didn't play as many games,qwen-2.5-7b,5,sarcastic,Suggesting someone played fewer games is typically not a common form of praise.,True
3,Mario didn't play as many games,qwen-2.5-7b,6,sarcastic,Suggests Mario is inactive when he's a video game character.,True
3,Mario didn't play as many games,qwen-2.5-7b,7,sarcastic,Suggesting someone played less games is sarcastic without context.,True
3,Mario didn't play as many games,qwen-2.5-7b,8,sarcastic,Suggests Mario is inactive when he is a game character.,True
3,Mario didn't play as many games,qwen-2.5-7b,9,sarcastic,Saying Mario didn't play games is sarcastic as it's implied he played a lot.,True
6,"Amazing, there was actually a time when Xbox Live didn't exist.",qwen-2.5-7b,0,sarcastic,The statement is sarcastic as it highlights an obvious fact in a mocking way.,True
6,"Amazing, there was actually a time when Xbox Live didn't exist.",qwen-2.5-7b,1,sarcastic,The statement expresses sarcasm about the existence of Xbox Live.,True
6,"Amazing, there was actually a time when Xbox Live didn't exist.",qwen-2.5-7b,2,sarcastic,The statement expresses sarcasm by highlighting the existence of Xbox Live in a way that mocks the idea.,True
6,"Amazing, there was actually a time when Xbox Live didn't exist.",qwen-2.5-7b,3,sarcastic,"The statement expresses sarcasm by highlighting the absurdity of something not existing, implying current familiarity.",True
6,"Amazing, there was actually a time when Xbox Live didn't exist.",qwen-2.5-7b,4,sarcastic,The statement expresses sarcasm about the existence of Xbox Live.,True
6,"Amazing, there was actually a time when Xbox Live didn't exist.",qwen-2.5-7b,5,sarcastic,The statement expresses sarcasm by highlighting an outdated feature in a mocking way.,True
6,"Amazing, there was actually a time when Xbox Live didn't exist.",qwen-2.5-7b,6,sarcastic,The statement expresses sarcasm by highlighting the existence of Xbox Live as if it were unexpected.,True
6,"Amazing, there was actually a time when Xbox Live didn't exist.",qwen-2.5-7b,7,sarcastic,The statement expresses sarcasm by highlighting an outdated feature in a modern way.,True
6,"Amazing, there was actually a time when Xbox Live didn't exist.",qwen-2.5-7b,8,sarcastic,The statement expresses sarcasm about the existence of Xbox Live.,True
6,"Amazing, there was actually a time when Xbox Live didn't exist.",qwen-2.5-7b,9,sarcastic,The statement expresses sarcasm by highlighting an outdated feature in a modern positive way.,True
9,"Synical ploy for SF, there must be an election coming up!",qwen-2.5-7b,0,sarcastic,"Sarcasm implies the speaker doubts an election is needed, calling it a 'synical ploy'.",True
9,"Synical ploy for SF, there must be an election coming up!",qwen-2.5-7b,1,sarcastic,"The term 'synical' is likely a misspelling of 'silly', indicating sarcasm.",True
9,"Synical ploy for SF, there must be an election coming up!",qwen-2.5-7b,2,sarcastic,The phrasing suggests mockery rather than serious intent.,True
9,"Synical ploy for SF, there must be an election coming up!",qwen-2.5-7b,3,sarcastic,"The term 'synical' is likely a typo of 'silly', indicating sarcasm.",True
9,"Synical ploy for SF, there must be an election coming up!",qwen-2.5-7b,4,sarcastic,"Sarcasm implies the speaker doubts an election will occur, mocking the idea.",True
9,"Synical ploy for SF, there must be an election coming up!",qwen-2.5-7b,5,sarcastic,"Sarcasm implies the speaker doubts an election will happen, calling it a 'synical ploy'.",True
9,"Synical ploy for SF, there must be an election coming up!",qwen-2.5-7b,6,sarcastic,"The term 'synical' is likely a typo of 'sneaky', suggesting sarcasm.",True
9,"Synical ploy for SF, there must be an election coming up!",qwen-2.5-7b,7,sarcastic,The phrasing suggests mockery rather than serious intent.,True
9,"Synical ploy for SF, there must be an election coming up!",qwen-2.5-7b,8,sarcastic,"The term 'synical' is likely a misspelling of 'sneaky', indicating sarcasm.",True
9,"Synical ploy for SF, there must be an election coming up!",qwen-2.5-7b,9,sarcastic,The phrasing suggests mockery rather than serious observation.,True
11,if you're not even lvl 30 on your main account no you are not ready,qwen-2.5-7b,0,sarcastic,statement mocks those not playing enough,True
11,if you're not even lvl 30 on your main account no you are not ready,qwen-2.5-7b,1,sarcastic,statement mocks those not playing game to high level.,True
11,if you're not even lvl 30 on your main account no you are not ready,qwen-2.5-7b,2,sarcastic,statement humorously implies readiness is linked to game progress level,True
11,if you're not even lvl 30 on your main account no you are not ready,qwen-2.5-7b,3,sarcastic,statement is sarcastic as it implies readiness is determined by game level.,True
11,if you're not even lvl 30 on your main account no you are not ready,qwen-2.5-7b,4,sarcastic,statement is sarcastic as it mocks those not playing the game enough.,True
11,if you're not even lvl 30 on your main account no you are not ready,qwen-2.5-7b,5,sarcastic,The statement is sarcastic as it mocks those who aren't at a high level in a game.,True
11,if you're not even lvl 30 on your main account no you are not ready,qwen-2.5-7b,6,sarcastic,statement is sarcastic as it mocks those not at high levels in games.,True
11,if you're not even lvl 30 on your main account no you are not ready,qwen-2.5-7b,7,sarcastic,statement is sarcastic as it humorously suggests low level status indicates unpreparedness.,True
11,if you're not even lvl 30 on your main account no you are not ready,qwen-2.5-7b,8,sarcastic,"statement implies readiness is tied to game level, highly unlikely to be literal advice.",True
11,if you're not even lvl 30 on your main account no you are not ready,qwen-2.5-7b,9,sarcastic,"statement implies readiness is measured by game level, likely sarcastically.",True
12,because galaxy collapse is a fkin hilarious meme and if you disagree you're obvs wrong,qwen-2.5-7b,0,sarcastic,The claim uses sarcasm by calling a scientific phenomenon a meme and dismissing disagreement as obvious error.,True
12,because galaxy collapse is a fkin hilarious meme and if you disagree you're obvs wrong,qwen-2.5-7b,1,sarcastic,The claim uses sarcasm by calling a scientific phenomenon a meme and insulting those who disagree.,True
12,because galaxy collapse is a fkin hilarious meme and if you disagree you're obvs wrong,qwen-2.5-7b,2,sarcastic,The claim uses sarcasm by calling galaxy collapse a meme and dismissing disagreement.,True
12,because galaxy collapse is a fkin hilarious meme and if you disagree you're obvs wrong,qwen-2.5-7b,3,sarcastic,"statement uses informal language and implies disagreement is wrong, indicating sarcasm",True
12,because galaxy collapse is a fkin hilarious meme and if you disagree you're obvs wrong,qwen-2.5-7b,4,sarcastic,statement uses informal language and sarcasm to disagree with others,True
12,because galaxy collapse is a fkin hilarious meme and if you disagree you're obvs wrong,qwen-2.5-7b,5,sarcastic,statement uses informal language and sarcasm to disagree with others,True
12,because galaxy collapse is a fkin hilarious meme and if you disagree you're obvs wrong,qwen-2.5-7b,6,sarcastic,statement uses informal language and insults to convey disagreement in a humorous way,True
12,because galaxy collapse is a fkin hilarious meme and if you disagree you're obvs wrong,qwen-2.5-7b,7,sarcastic,The claim uses sarcasm by referring to galaxy collapse as a meme and insulting those who disagree.,True
12,because galaxy collapse is a fkin hilarious meme and if you disagree you're obvs wrong,qwen-2.5-7b,8,sarcastic,The claim uses sarcasm by calling galaxy collapse a meme and dismissing disagreement.,True
12,because galaxy collapse is a fkin hilarious meme and if you disagree you're obvs wrong,qwen-2.5-7b,9,sarcastic,The claim uses sarcasm by calling galaxy collapse a meme and asserting disagreement as wrong.,True
13,That title belongs to Joe Warren.,qwen-2.5-7b,0,sarcastic,The statement is likely sarcastic as Joe Warren is not known for such titles.,True
13,That title belongs to Joe Warren.,qwen-2.5-7b,1,sarcastic,The claim is likely sarcastic as Joe Warren is not known for such titles.,True
13,That title belongs to Joe Warren.,qwen-2.5-7b,2,sarcastic,The claim is likely sarcastic as Joe Warren is not known for such titles.,True
13,That title belongs to Joe Warren.,qwen-2.5-7b,3,sarcastic,Saying someone's title 'belongs' to them is often sarcastic.,True
13,That title belongs to Joe Warren.,qwen-2.5-7b,4,sarcastic,The statement is likely sarcastic as Joe Warren is not known for such titles.,True
13,That title belongs to Joe Warren.,qwen-2.5-7b,5,sarcastic,The statement is likely sarcastic as Joe Warren is not known for such titles.,True
13,That title belongs to Joe Warren.,qwen-2.5-7b,6,sarcastic,The statement is likely sarcastic as it could be implying Joe Warren doesn't deserve the title.,True
13,That title belongs to Joe Warren.,qwen-2.5-7b,7,sarcastic,Saying someone's title belongs to them when they clearly don't have it is sarcastic.,True
13,That title belongs to Joe Warren.,qwen-2.5-7b,8,sarcastic,The statement is likely sarcastic as Joe Warren is known for being a villain in various comic book storylines.,True
13,That title belongs to Joe Warren.,qwen-2.5-7b,9,sarcastic,Saying someone's title 'belongs' to them is often sarcastic to imply they don't deserve it.,True
14,There will be 1 more overlap between port and essenjection next week too,qwen-2.5-7b,0,sarcastic,"The term 'essenjection' is not a real word, suggesting sarcasm.",True
14,There will be 1 more overlap between port and essenjection next week too,qwen-2.5-7b,1,sarcastic,"The term 'essenjection' is not a real word, suggesting sarcasm.",True
14,There will be 1 more overlap between port and essenjection next week too,qwen-2.5-7b,2,sarcastic,"The term 'essenjection' is not a real word, suggesting sarcasm.",True
14,There will be 1 more overlap between port and essenjection next week too,qwen-2.5-7b,3,sarcastic,"The term 'essenjection' is not a real word, indicating sarcasm.",True
14,There will be 1 more overlap between port and essenjection next week too,qwen-2.5-7b,4,sarcastic,"The term 'essenjection' is not a real word, suggesting sarcasm.",True
14,There will be 1 more overlap between port and essenjection next week too,qwen-2.5-7b,5,sarcastic,"The term 'essenjection' is not a real word, suggesting sarcasm.",True
14,There will be 1 more overlap between port and essenjection next week too,qwen-2.5-7b,6,sarcastic,"The term 'essenjection' is not a real word, suggesting sarcasm.",True
14,There will be 1 more overlap between port and essenjection next week too,qwen-2.5-7b,7,sarcastic,"The term 'essenjection' is not a real word, indicating sarcasm.",True
14,There will be 1 more overlap between port and essenjection next week too,qwen-2.5-7b,8,sarcastic,"The term 'essenjection' is not a real word, suggesting sarcasm.",True
14,There will be 1 more overlap between port and essenjection next week too,qwen-2.5-7b,9,sarcastic,"The term 'essenjection' is not a real word, suggesting sarcasm.",True
16,It's a fake according to Aston Martin!,qwen-2.5-7b,0,sarcastic,"The phrase suggests disbelief or mockery about the product being fake, not a statement of fact from Aston Martin.",True
16,It's a fake according to Aston Martin!,qwen-2.5-7b,1,sarcastic,The claim uses quotation marks and an unlikely source to imply sarcasm.,True
16,It's a fake according to Aston Martin!,qwen-2.5-7b,2,sarcastic,The claim likely expresses disbelief or mockery about a product being from Aston Martin.,True
16,It's a fake according to Aston Martin!,qwen-2.5-7b,3,sarcastic,The claim uses quotation marks and an unlikely source to express sarcasm.,True
16,It's a fake according to Aston Martin!,qwen-2.5-7b,4,sarcastic,"The phrase suggests disbelief or mockery about the product being fake, not stating it factually.",True
16,It's a fake according to Aston Martin!,qwen-2.5-7b,5,sarcastic,The claim uses quotation marks and an unlikely source to be literal.,True
16,It's a fake according to Aston Martin!,qwen-2.5-7b,6,sarcastic,The phrase suggests disbelief or mockery about something being from Aston Martin.,True
16,It's a fake according to Aston Martin!,qwen-2.5-7b,7,sarcastic,The phrase is likely sarcastic as Aston Martin would not claim their product is fake.,True
16,It's a fake according to Aston Martin!,qwen-2.5-7b,8,sarcastic,The phrase suggests skepticism in an exaggerated manner.,True
16,It's a fake according to Aston Martin!,qwen-2.5-7b,9,sarcastic,The claim uses quotation marks and an unlikely source to be sarcastic.,True
18,Can confirm they were at the scrimmage.,qwen-2.5-7b,0,sarcastic,Typical sports team excuse for absence.,True
18,Can confirm they were at the scrimmage.,qwen-2.5-7b,1,sarcastic,Typical sports team excuse for absence.,True
18,Can confirm they were at the scrimmage.,qwen-2.5-7b,2,sarcastic,Typical sports excuse for absence.,True
18,Can confirm they were at the scrimmage.,qwen-2.5-7b,3,sarcastic,Typical sports team excuse for absence.,True
18,Can confirm they were at the scrimmage.,qwen-2.5-7b,4,sarcastic,Statement likely meant to imply absence rather than presence.,True
18,Can confirm they were at the scrimmage.,qwen-2.5-7b,5,sarcastic,"Statement is sarcastic as 'scrimmage' typically refers to a football practice, not a confrontation.",True
18,Can confirm they were at the scrimmage.,qwen-2.5-7b,6,sarcastic,"Statement likely sarcastic given context of 'scrimmage' usually in sports, implying absurdity.",True
18,Can confirm they were at the scrimmage.,qwen-2.5-7b,7,sarcastic,Typical sports excuse for absence.,True
18,Can confirm they were at the scrimmage.,qwen-2.5-7b,8,sarcastic,Typical sports team excuse for absence.,True
18,Can confirm they were at the scrimmage.,qwen-2.5-7b,9,sarcastic,Typical sports excuse for being absent.,True
19,"Would be an exceedingly easy website to make responsive as well, no real complexities in the design.",qwen-2.5-7b,0,sarcastic,The design is obviously full of complex challenges not noticed by the speaker.,True
19,"Would be an exceedingly easy website to make responsive as well, no real complexities in the design.",qwen-2.5-7b,1,sarcastic,The statement is sarcastic as it mocks the simplicity claim by implying there are hidden complexities.,True
19,"Would be an exceedingly easy website to make responsive as well, no real complexities in the design.",qwen-2.5-7b,2,sarcastic,"The statement humorously implies the opposite of what is said, suggesting there are significant complexities.",True
19,"Would be an exceedingly easy website to make responsive as well, no real complexities in the design.",qwen-2.5-7b,3,sarcastic,The statement is sarcastic due to the contrast between 'exceedingly easy' and the implied difficulties in making websites responsive.,True
19,"Would be an exceedingly easy website to make responsive as well, no real complexities in the design.",qwen-2.5-7b,4,sarcastic,"The statement humorously implies the opposite of its wording, suggesting there are significant design complexities.",True
19,"Would be an exceedingly easy website to make responsive as well, no real complexities in the design.",qwen-2.5-7b,5,sarcastic,"The design likely has many complexities, making it hard to be so easily responsive.",True
19,"Would be an exceedingly easy website to make responsive as well, no real complexities in the design.",qwen-2.5-7b,6,sarcastic,"The statement humorously underlines the opposite of what is said, implying significant design complexities.",True
19,"Would be an exceedingly easy website to make responsive as well, no real complexities in the design.",qwen-2.5-7b,7,sarcastic,The statement humorously underlines the opposite of what is implied.,True
19,"Would be an exceedingly easy website to make responsive as well, no real complexities in the design.",qwen-2.5-7b,8,sarcastic,The statement is sarcastic due to the contrast between 'exceedingly easy' and 'no real complexities' implying actual difficulty.,True
19,"Would be an exceedingly easy website to make responsive as well, no real complexities in the design.",qwen-2.5-7b,9,sarcastic,The statement is sarcastic due to the contrast between 'exceedingly easy' and 'no real complexities' versus the actual challenges of making websites responsive.,True
21,I hope she owns that pharmacy in a year or two.,qwen-2.5-7b,0,sarcastic,Sarcasm implies criticism of someone's slow progress or perceived incompetence.,True
21,I hope she owns that pharmacy in a year or two.,qwen-2.5-7b,1,sarcastic,Saying someone will own a pharmacy when sarcasm implies they won't.,True
21,I hope she owns that pharmacy in a year or two.,qwen-2.5-7b,2,sarcastic,Suggesting owning a pharmacy after a negative experience implies sarcasm.,True
21,I hope she owns that pharmacy in a year or two.,qwen-2.5-7b,3,sarcastic,Saying someone will own a pharmacy when sarcasm implies they won't.,True
21,I hope she owns that pharmacy in a year or two.,qwen-2.5-7b,4,sarcastic,Sarcasm implied by wishing for someone to own a pharmacy through illegal means.,True
21,I hope she owns that pharmacy in a year or two.,qwen-2.5-7b,5,sarcastic,Suggesting owning a pharmacy implies wishing for someone to fail financially.,True
21,I hope she owns that pharmacy in a year or two.,qwen-2.5-7b,6,sarcastic,"The statement implies the person does not own it now, making the hope sarcastic.",True
21,I hope she owns that pharmacy in a year or two.,qwen-2.5-7b,7,sarcastic,Sarcasm implying negative outcome for someone.,True
21,I hope she owns that pharmacy in a year or two.,qwen-2.5-7b,8,sarcastic,Sarcasm implying negative outcome for someone.,True
21,I hope she owns that pharmacy in a year or two.,qwen-2.5-7b,9,sarcastic,Sarcasm implied by hoping for negative financial outcome.,True
22,0/10 missed the widow mine at the end,qwen-2.5-7b,0,sarcastic,"Refers to a movie with poor quality or understanding, using sarcasm to criticize.",True
22,0/10 missed the widow mine at the end,qwen-2.5-7b,1,sarcastic,"Refers to a movie with poor quality or understanding of plot twists, sarcastically.",True
22,0/10 missed the widow mine at the end,qwen-2.5-7b,2,sarcastic,Refers to a movie with poor quality},True
22,0/10 missed the widow mine at the end,qwen-2.5-7b,3,sarcastic,"Refers to a movie with a poor ending, sarcastically using a low score.",True
22,0/10 missed the widow mine at the end,qwen-2.5-7b,4,sarcastic,Refers to a movie with poor quality},True
22,0/10 missed the widow mine at the end,qwen-2.5-7b,5,sarcastic,"Refers to a movie with poor quality or understanding of plot twists, using a score as sarcasm.",True
22,0/10 missed the widow mine at the end,qwen-2.5-7b,6,sarcastic,"Refers to a movie with poor quality, sarcastically indicating many missed the ending detail.",True
22,0/10 missed the widow mine at the end,qwen-2.5-7b,7,sarcastic,"Refers to a movie with poor quality or understanding, using sarcasm to criticize.",True
22,0/10 missed the widow mine at the end,qwen-2.5-7b,8,sarcastic,"Refers to a movie with a poor ending, sarcastically rating it very low.",True
22,0/10 missed the widow mine at the end,qwen-2.5-7b,9,sarcastic,"Refers to a movie with a poor ending, sarcastically rating it very low.",True
23,"What, do you want them NOT to work?",qwen-2.5-7b,0,sarcastic,The use of 'NOT' in a question implies sarcasm.,True
23,"What, do you want them NOT to work?",qwen-2.5-7b,1,sarcastic,The use of 'NOT' in a question implies sarcasm.,True
23,"What, do you want them NOT to work?",qwen-2.5-7b,2,sarcastic,The use of 'NOT' emphasizes negation in a sarcastic tone.,True
23,"What, do you want them NOT to work?",qwen-2.5-7b,3,sarcastic,The use of 'NOT' emphasizes the sarcasm.,True
23,"What, do you want them NOT to work?",qwen-2.5-7b,4,sarcastic,The use of 'NOT' emphasizes the sarcastic tone.,True
23,"What, do you want them NOT to work?",qwen-2.5-7b,5,sarcastic,The use of 'NOT' in a question implies sarcasm.,True
23,"What, do you want them NOT to work?",qwen-2.5-7b,6,sarcastic,The use of 'NOT' emphasizes the sarcasm.,True
23,"What, do you want them NOT to work?",qwen-2.5-7b,7,sarcastic,The use of 'NOT' emphasizes negation in a mocking way.,True
23,"What, do you want them NOT to work?",qwen-2.5-7b,8,sarcastic,The use of 'NOT' in a question implies sarcasm.,True
23,"What, do you want them NOT to work?",qwen-2.5-7b,9,sarcastic,The use of 'NOT' emphasizes the sarcasm.,True
24,"Even though its never revealed he is Gay, he is definitely gay for being a male hairdresser right?",qwen-2.5-7b,0,sarcastic,The claim uses sarcasm by questioning the need to reveal a character's sexuality while implying it's obvious from their occupation.,True
24,"Even though its never revealed he is Gay, he is definitely gay for being a male hairdresser right?",qwen-2.5-7b,1,sarcastic,The claim uses sarcasm by implying a stereotype about male hairdressers being gay.,True
24,"Even though its never revealed he is Gay, he is definitely gay for being a male hairdresser right?",qwen-2.5-7b,2,sarcastic,The claim uses sarcasm by questioning the obviousness of someone being gay based on their profession.,True
24,"Even though its never revealed he is Gay, he is definitely gay for being a male hairdresser right?",qwen-2.5-7b,3,sarcastic,The claim uses sarcasm by suggesting a stereotype about male hairdressers being gay.,True
24,"Even though its never revealed he is Gay, he is definitely gay for being a male hairdresser right?",qwen-2.5-7b,4,sarcastic,The claim uses sarcasm by implying a stereotypical association without evidence.,True
24,"Even though its never revealed he is Gay, he is definitely gay for being a male hairdresser right?",qwen-2.5-7b,5,sarcastic,"The claim makes a stereotypical assumption about male hairdressers being gay, in a sarcastic manner.",True
24,"Even though its never revealed he is Gay, he is definitely gay for being a male hairdresser right?",qwen-2.5-7b,6,sarcastic,The statement humorously implies an unstated stereotype about male hairdressers being gay.,True
24,"Even though its never revealed he is Gay, he is definitely gay for being a male hairdresser right?",qwen-2.5-7b,7,sarcastic,The statement implies a stereotypical view in a sarcastic manner.,True
24,"Even though its never revealed he is Gay, he is definitely gay for being a male hairdresser right?",qwen-2.5-7b,8,sarcastic,The statement humorously implies a stereotype about male hairdressers being gay.,True
24,"Even though its never revealed he is Gay, he is definitely gay for being a male hairdresser right?",qwen-2.5-7b,9,sarcastic,The claim uses sarcasm by suggesting an obvious stereotype.,True
25,"Thank god this oil will keep flowing for months, allowing them ample time to update said technologies.",qwen-2.5-7b,0,sarcastic,The phrase expresses sarcasm by contrasting the abundance of oil with the need for technology updates.,True
25,"Thank god this oil will keep flowing for months, allowing them ample time to update said technologies.",qwen-2.5-7b,1,sarcastic,The claim sarcastically implies the oil flow is a positive for technological updates.,True
25,"Thank god this oil will keep flowing for months, allowing them ample time to update said technologies.",qwen-2.5-7b,2,sarcastic,The statement expresses sarcasm by contrasting the oil's longevity with the implied lack of technological progress.,True
25,"Thank god this oil will keep flowing for months, allowing them ample time to update said technologies.",qwen-2.5-7b,3,sarcastic,"The statement expresses sarcasm by contrasting the apparent abundance of oil with the need to update technologies, implying frustration.",True
25,"Thank god this oil will keep flowing for months, allowing them ample time to update said technologies.",qwen-2.5-7b,4,sarcastic,The statement uses 'thank god' sarcastically to express frustration about the situation.,True
25,"Thank god this oil will keep flowing for months, allowing them ample time to update said technologies.",qwen-2.5-7b,5,sarcastic,"The statement implies the opposite of what is said, suggesting frustration with the situation.",True
25,"Thank god this oil will keep flowing for months, allowing them ample time to update said technologies.",qwen-2.5-7b,6,sarcastic,The statement expresses sarcasm by contrasting the apparent abundance of oil with the need for technology updates.,True
25,"Thank god this oil will keep flowing for months, allowing them ample time to update said technologies.",qwen-2.5-7b,7,sarcastic,The statement expresses sarcasm by contrasting the positive phrasing with a negative implication about technology updates.,True
25,"Thank god this oil will keep flowing for months, allowing them ample time to update said technologies.",qwen-2.5-7b,8,sarcastic,The claim sarcastically implies the oil flow is a positive situation for technology updates.,True
25,"Thank god this oil will keep flowing for months, allowing them ample time to update said technologies.",qwen-2.5-7b,9,sarcastic,The phrase expresses irony about the oil's duration in relation to technology updates.,True
26,"Way to focus on the issues, gentleman.",qwen-2.5-7b,0,sarcastic,Said when someone is not focusing on issues.,True
26,"Way to focus on the issues, gentleman.",qwen-2.5-7b,1,sarcastic,Saying this implies the opposite of focusing on issues.,True
26,"Way to focus on the issues, gentleman.",qwen-2.5-7b,2,sarcastic,Saying this implies the opposite of focusing on issues.,True
26,"Way to focus on the issues, gentleman.",qwen-2.5-7b,3,sarcastic,Saying this implies the opposite of focusing on issues.,True
26,"Way to focus on the issues, gentleman.",qwen-2.5-7b,4,sarcastic,Saying this implies they did not focus on issues.,True
26,"Way to focus on the issues, gentleman.",qwen-2.5-7b,5,sarcastic,Saying this implies they did not focus on issues.,True
26,"Way to focus on the issues, gentleman.",qwen-2.5-7b,6,sarcastic,Saying this implies the opposite of focusing on issues.,True
26,"Way to focus on the issues, gentleman.",qwen-2.5-7b,7,sarcastic,Suggests focusing on issues is not what happened.,True
26,"Way to focus on the issues, gentleman.",qwen-2.5-7b,8,sarcastic,Said when someone is not focusing on issues.,True
26,"Way to focus on the issues, gentleman.",qwen-2.5-7b,9,sarcastic,Saying this implies the opposite of focusing on issues.,True
27,The only solution is for citizens to give up their only defense and trust the government will keep us safe.,qwen-2.5-7b,0,sarcastic,The statement mocks the idea of trusting government while implying giving up rights has no real effect.,True
27,The only solution is for citizens to give up their only defense and trust the government will keep us safe.,qwen-2.5-7b,1,sarcastic,Critiquing government safety measures by suggesting citizens should trust them over self-defense.,True
27,The only solution is for citizens to give up their only defense and trust the government will keep us safe.,qwen-2.5-7b,2,sarcastic,Sarcastically suggests trusting the government over personal responsibility.,True
27,The only solution is for citizens to give up their only defense and trust the government will keep us safe.,qwen-2.5-7b,3,sarcastic,The statement sarcastically suggests trusting the government over personal defense is wise.,True
27,The only solution is for citizens to give up their only defense and trust the government will keep us safe.,qwen-2.5-7b,4,sarcastic,Critics might view this as sarcasm implying the government cannot be trusted to keep citizens safe.,True
27,The only solution is for citizens to give up their only defense and trust the government will keep us safe.,qwen-2.5-7b,5,sarcastic,The statement ironically suggests trusting government while implying giving up rights.,True
27,The only solution is for citizens to give up their only defense and trust the government will keep us safe.,qwen-2.5-7b,6,sarcastic,"The claim suggests giving up rights for false security, implying sarcasm.",True
27,The only solution is for citizens to give up their only defense and trust the government will keep us safe.,qwen-2.5-7b,7,sarcastic,"The statement criticizes giving up rights for false security, implying sarcasm.",True
27,The only solution is for citizens to give up their only defense and trust the government will keep us safe.,qwen-2.5-7b,8,sarcastic,Critics might see this as sarcastically suggesting disarmament.,True
27,The only solution is for citizens to give up their only defense and trust the government will keep us safe.,qwen-2.5-7b,9,sarcastic,The claim sarcastically suggests trusting the government over personal rights is the best solution.,True
28,"LOL Thanks Rito for that sweet animation that gives me 7 minutes of joy rather than a new champion that would give me 10,000 minutes.",qwen-2.5-7b,0,sarcastic,The user is sarcastically thanking for a bad update instead of a good one.,True
28,"LOL Thanks Rito for that sweet animation that gives me 7 minutes of joy rather than a new champion that would give me 10,000 minutes.",qwen-2.5-7b,1,sarcastic,Expresses sarcasm about a game's animation over a new champion.,True
28,"LOL Thanks Rito for that sweet animation that gives me 7 minutes of joy rather than a new champion that would give me 10,000 minutes.",qwen-2.5-7b,2,sarcastic,The statement expresses sarcasm about the animation being more enjoyable than a new champion.,True
28,"LOL Thanks Rito for that sweet animation that gives me 7 minutes of joy rather than a new champion that would give me 10,000 minutes.",qwen-2.5-7b,3,sarcastic,The statement expresses sarcasm by contrasting the short enjoyment with the lack of long-term benefit.,True
28,"LOL Thanks Rito for that sweet animation that gives me 7 minutes of joy rather than a new champion that would give me 10,000 minutes.",qwen-2.5-7b,4,sarcastic,"The statement expresses sarcasm by contrasting a short animation with a desired new champion, implying frustration.",True
28,"LOL Thanks Rito for that sweet animation that gives me 7 minutes of joy rather than a new champion that would give me 10,000 minutes.",qwen-2.5-7b,5,sarcastic,The claim expresses sarcasm by contrasting the actual experience with an ideal one.,True
28,"LOL Thanks Rito for that sweet animation that gives me 7 minutes of joy rather than a new champion that would give me 10,000 minutes.",qwen-2.5-7b,6,sarcastic,The statement expresses sarcasm by contrasting the actual experience with an ideal one.,True
28,"LOL Thanks Rito for that sweet animation that gives me 7 minutes of joy rather than a new champion that would give me 10,000 minutes.",qwen-2.5-7b,7,sarcastic,The statement expresses sarcasm about the company providing an animation instead of useful content.,True
28,"LOL Thanks Rito for that sweet animation that gives me 7 minutes of joy rather than a new champion that would give me 10,000 minutes.",qwen-2.5-7b,8,sarcastic,The statement mocks the company for providing poor content instead of good content.,True
28,"LOL Thanks Rito for that sweet animation that gives me 7 minutes of joy rather than a new champion that would give me 10,000 minutes.",qwen-2.5-7b,9,sarcastic,The claim expresses sarcasm by contrasting the actual negative experience with an ideal one.,True
30,"As a Norwegian, I am livid with their absolute humiliation of my people with this blatant example of cultural appropriation.",qwen-2.5-7b,0,sarcastic,The statement is likely sarcastic as the sentiment expressed does not align with typical Norwegian views on cultural appropriation.,True
30,"As a Norwegian, I am livid with their absolute humiliation of my people with this blatant example of cultural appropriation.",qwen-2.5-7b,1,sarcastic,Norwegians are not known for cultural appropriation.,True
30,"As a Norwegian, I am livid with their absolute humiliation of my people with this blatant example of cultural appropriation.",qwen-2.5-7b,2,sarcastic,The statement is likely sarcastic as the tone and wording exaggerate national pride for comedic or ironic effect.,True
30,"As a Norwegian, I am livid with their absolute humiliation of my people with this blatant example of cultural appropriation.",qwen-2.5-7b,3,sarcastic,The statement is likely sarcastic given the hyperbolic and exaggerated language about being 'livid' and 'humiliated' over cultural appropriation.,True
30,"As a Norwegian, I am livid with their absolute humiliation of my people with this blatant example of cultural appropriation.",qwen-2.5-7b,4,sarcastic,The statement exaggerates national pride and anger for comedic effect.,True
30,"As a Norwegian, I am livid with their absolute humiliation of my people with this blatant example of cultural appropriation.",qwen-2.5-7b,5,sarcastic,"Norwegians are not known for cultural appropriation, making the statement sarcastic.",True
30,"As a Norwegian, I am livid with their absolute humiliation of my people with this blatant example of cultural appropriation.",qwen-2.5-7b,6,sarcastic,Norwegians are not known for cultural appropriation.,True
30,"As a Norwegian, I am livid with their absolute humiliation of my people with this blatant example of cultural appropriation.",qwen-2.5-7b,7,sarcastic,Norwegians are not typically associated with the culture being criticized.,True
30,"As a Norwegian, I am livid with their absolute humiliation of my people with this blatant example of cultural appropriation.",qwen-2.5-7b,8,sarcastic,"Norwegians are not typically associated with the culture being criticized, making the statement sarcastic.",True
30,"As a Norwegian, I am livid with their absolute humiliation of my people with this blatant example of cultural appropriation.",qwen-2.5-7b,9,sarcastic,Norwegians have not historically been known for cultural appropriation.,True
31,"Came to look at the comments, was not disappointed",qwen-2.5-7b,0,sarcastic,"The phrase suggests disappointment with online content, implying negative comments.",True
31,"Came to look at the comments, was not disappointed",qwen-2.5-7b,1,sarcastic,The phrase suggests disappointment by using sarcasm.,True
31,"Came to look at the comments, was not disappointed",qwen-2.5-7b,2,sarcastic,The statement implies negative sentiment through sarcasm.,True
31,"Came to look at the comments, was not disappointed",qwen-2.5-7b,3,sarcastic,The phrase suggests disappointment through sarcasm.,True
31,"Came to look at the comments, was not disappointed",qwen-2.5-7b,4,sarcastic,The statement is sarcastic as it implies the comments were disappointing.,True
31,"Came to look at the comments, was not disappointed",qwen-2.5-7b,5,sarcastic,"The phrase suggests disappointment with online content, used ironically.",True
31,"Came to look at the comments, was not disappointed",qwen-2.5-7b,6,sarcastic,"The phrase suggests disappointment, implying comments were bad but still viewed them.",True
31,"Came to look at the comments, was not disappointed",qwen-2.5-7b,7,sarcastic,Expresses disappointment through sarcasm.,True
31,"Came to look at the comments, was not disappointed",qwen-2.5-7b,8,sarcastic,The phrase suggests disappointment but says it with sarcasm.,True
31,"Came to look at the comments, was not disappointed",qwen-2.5-7b,9,sarcastic,Expresses disappointment through sarcasm.,True
32,"a masked group pelted police with stones and shot fireworks at them, the semi-official Anatolia news agency reported What exactly is a 10 year old doing amongst these people?",qwen-2.5-7b,0,sarcastic,The question about a 10 year old implies sarcasm regarding the violent act.,True
32,"a masked group pelted police with stones and shot fireworks at them, the semi-official Anatolia news agency reported What exactly is a 10 year old doing amongst these people?",qwen-2.5-7b,1,sarcastic,The question about a 10-year-old's presence among adults involved in protests is clearly sarcastic.,True
32,"a masked group pelted police with stones and shot fireworks at them, the semi-official Anatolia news agency reported What exactly is a 10 year old doing amongst these people?",qwen-2.5-7b,2,sarcastic,Question about a 10 year old's presence among adults involved in protests is sarcastic.,True
32,"a masked group pelted police with stones and shot fireworks at them, the semi-official Anatolia news agency reported What exactly is a 10 year old doing amongst these people?",qwen-2.5-7b,3,sarcastic,The question about a 10 year old's presence among the group implies sarcasm regarding the activity level.,True
32,"a masked group pelted police with stones and shot fireworks at them, the semi-official Anatolia news agency reported What exactly is a 10 year old doing amongst these people?",qwen-2.5-7b,4,sarcastic,The question about a 10-year-old's presence among the group is clearly sarcastic given the violent context.,True
32,"a masked group pelted police with stones and shot fireworks at them, the semi-official Anatolia news agency reported What exactly is a 10 year old doing amongst these people?",qwen-2.5-7b,5,sarcastic,The question about a 10-year-old's presence among the group implies sarcasm regarding the age-inappropriate actions.,True
32,"a masked group pelted police with stones and shot fireworks at them, the semi-official Anatolia news agency reported What exactly is a 10 year old doing amongst these people?",qwen-2.5-7b,6,sarcastic,The question about a 10-year-old's presence among adults involved in a conflict is sarcastic.,True
32,"a masked group pelted police with stones and shot fireworks at them, the semi-official Anatolia news agency reported What exactly is a 10 year old doing amongst these people?",qwen-2.5-7b,7,sarcastic,The question about a 10 year old's presence among adults engaged in protest behavior is sarcastic.,True
32,"a masked group pelted police with stones and shot fireworks at them, the semi-official Anatolia news agency reported What exactly is a 10 year old doing amongst these people?",qwen-2.5-7b,8,sarcastic,Question about 10 year old's presence among adults suggests sarcasm.,True
32,"a masked group pelted police with stones and shot fireworks at them, the semi-official Anatolia news agency reported What exactly is a 10 year old doing amongst these people?",qwen-2.5-7b,9,sarcastic,The question about a 10 year old's presence among adults involved in conflict is sarcastic.,True
33,If you account for inflation it would be worth 23 USD in 2007.,qwen-2.5-7b,0,sarcastic,The statement implies the item is worth much less than 23 USD in 2007.,True
33,If you account for inflation it would be worth 23 USD in 2007.,qwen-2.5-7b,1,sarcastic,The phrasing suggests skepticism about the value being accurately represented.,True
33,If you account for inflation it would be worth 23 USD in 2007.,qwen-2.5-7b,2,sarcastic,The statement is likely sarcastic as it implies an outdated value is being considered relevant.,True
33,If you account for inflation it would be worth 23 USD in 2007.,qwen-2.5-7b,3,sarcastic,The phrasing implies skepticism about the value being accurately represented.,True
33,If you account for inflation it would be worth 23 USD in 2007.,qwen-2.5-7b,4,sarcastic,The statement is likely sarcastic as the value of 23 USD in 2007 is not typically considered valuable.,True
33,If you account for inflation it would be worth 23 USD in 2007.,qwen-2.5-7b,5,sarcastic,The statement implies the item is overvalued without mentioning what it actually costs.,True
33,If you account for inflation it would be worth 23 USD in 2007.,qwen-2.5-7b,6,sarcastic,The statement uses formal language to make a point about the claim's absurdity.,True
33,If you account for inflation it would be worth 23 USD in 2007.,qwen-2.5-7b,7,sarcastic,The statement is sarcastic as the value of 23 USD in 2007 is not significant.,True
33,If you account for inflation it would be worth 23 USD in 2007.,qwen-2.5-7b,8,sarcastic,The statement is likely sarcastic as it humorously emphasizes the value's low worth.,True
33,If you account for inflation it would be worth 23 USD in 2007.,qwen-2.5-7b,9,sarcastic,The statement uses precise language suggesting sarcasm about the value comparison.,True
35,Shouldn't you use PS4/XB1 for this?,qwen-2.5-7b,0,sarcastic,Questioning choice of tool implies sarcasm.,True
35,Shouldn't you use PS4/XB1 for this?,qwen-2.5-7b,1,sarcastic,Suggesting an outdated console implies ridicule.,True
35,Shouldn't you use PS4/XB1 for this?,qwen-2.5-7b,2,sarcastic,Suggesting using older gaming consoles implies the task is unsuitable for modern devices.,True
35,Shouldn't you use PS4/XB1 for this?,qwen-2.5-7b,3,sarcastic,Questioning use of less powerful device.,True
35,Shouldn't you use PS4/XB1 for this?,qwen-2.5-7b,4,sarcastic,suggests using outdated hardware humorously.,True
35,Shouldn't you use PS4/XB1 for this?,qwen-2.5-7b,5,sarcastic,Suggesting an outdated platform implies the user should use newer technology.,True
35,Shouldn't you use PS4/XB1 for this?,qwen-2.5-7b,6,sarcastic,suggesting using older console implies incompetence.,True
35,Shouldn't you use PS4/XB1 for this?,qwen-2.5-7b,7,sarcastic,The suggestion implies the opposite of what is needed.,True
35,Shouldn't you use PS4/XB1 for this?,qwen-2.5-7b,8,sarcastic,"Questioning choice of tool for task, implying wrong tool.",True
35,Shouldn't you use PS4/XB1 for this?,qwen-2.5-7b,9,sarcastic,suggests inappropriate use of high-end gaming console for task.,True
37,I much prefer seeing pictures that belong on Facebook here instead of really interesting pictures like these.,qwen-2.5-7b,0,sarcastic,The statement expresses sarcasm by contrasting preferred and actual content negatively.,True
37,I much prefer seeing pictures that belong on Facebook here instead of really interesting pictures like these.,qwen-2.5-7b,1,sarcastic,Expresses dislike for pictures by implying they are less interesting than claimed.,True
37,I much prefer seeing pictures that belong on Facebook here instead of really interesting pictures like these.,qwen-2.5-7b,2,sarcastic,"The speaker prefers boring content over interesting ones, indicating sarcasm.",True
37,I much prefer seeing pictures that belong on Facebook here instead of really interesting pictures like these.,qwen-2.5-7b,3,sarcastic,Expresses dislike through contrast with something considered less interesting.,True
37,I much prefer seeing pictures that belong on Facebook here instead of really interesting pictures like these.,qwen-2.5-7b,4,sarcastic,"Expresses dislike for common content and preference for interesting content, sarcastically.",True
37,I much prefer seeing pictures that belong on Facebook here instead of really interesting pictures like these.,qwen-2.5-7b,5,sarcastic,Expresses dislike through contrast with Facebook content.,True
37,I much prefer seeing pictures that belong on Facebook here instead of really interesting pictures like these.,qwen-2.5-7b,6,sarcastic,Expresses dislike through contrasting preferred content on Facebook.,True
37,I much prefer seeing pictures that belong on Facebook here instead of really interesting pictures like these.,qwen-2.5-7b,7,sarcastic,"The speaker prefers mundane over interesting content, indicating sarcasm.",True
37,I much prefer seeing pictures that belong on Facebook here instead of really interesting pictures like these.,qwen-2.5-7b,8,sarcastic,Expresses dislike for mundane content and preference for interesting pictures.,True
37,I much prefer seeing pictures that belong on Facebook here instead of really interesting pictures like these.,qwen-2.5-7b,9,sarcastic,Expresses dislike through comparison to preferred content.,True
38,it's in the rusted metal tin on the shelf @1:11,qwen-2.5-7b,0,sarcastic,The time and location detail sarcastically points to an unlikely place.,True
38,it's in the rusted metal tin on the shelf @1:11,qwen-2.5-7b,1,sarcastic,Referring to an obvious location sarcastically.,True
38,it's in the rusted metal tin on the shelf @1:11,qwen-2.5-7b,2,sarcastic,The timing and location detail suggest sarcasm.,True
38,it's in the rusted metal tin on the shelf @1:11,qwen-2.5-7b,3,sarcastic,Referring to an item in a rusted tin is often sarcastic.,True
38,it's in the rusted metal tin on the shelf @1:11,qwen-2.5-7b,4,sarcastic,Referring to a location with outdated wording suggests sarcasm.,True
38,it's in the rusted metal tin on the shelf @1:11,qwen-2.5-7b,5,sarcastic,The time and location detail sarcastically points to an unlikely place.,True
38,it's in the rusted metal tin on the shelf @1:11,qwen-2.5-7b,6,sarcastic,The time and location detail humorously suggests finding something trivial.,True
38,it's in the rusted metal tin on the shelf @1:11,qwen-2.5-7b,7,sarcastic,"The time and location detail humorously suggests a search for something, likely finding nothing.",True
38,it's in the rusted metal tin on the shelf @1:11,qwen-2.5-7b,8,sarcastic,Referring to an item in a rusted tin is sarcastic.,True
38,it's in the rusted metal tin on the shelf @1:11,qwen-2.5-7b,9,sarcastic,The time reference and location seem exaggerated for emphasis.,True
39,"What a bunch of big guys, beating up a defenseless girl huddled on the ground.",qwen-2.5-7b,0,sarcastic,Criticism of violence implying victims are weak.,True
39,"What a bunch of big guys, beating up a defenseless girl huddled on the ground.",qwen-2.5-7b,1,sarcastic,Criticism disguised as praise.,True
39,"What a bunch of big guys, beating up a defenseless girl huddled on the ground.",qwen-2.5-7b,2,sarcastic,Criticism of violence suggests sarcasm.,True
39,"What a bunch of big guys, beating up a defenseless girl huddled on the ground.",qwen-2.5-7b,3,sarcastic,Criticism of an action suggesting it's inappropriate to attack someone vulnerable.,True
39,"What a bunch of big guys, beating up a defenseless girl huddled on the ground.",qwen-2.5-7b,4,sarcastic,Criticism of an action is disguised as praise.,True
39,"What a bunch of big guys, beating up a defenseless girl huddled on the ground.",qwen-2.5-7b,5,sarcastic,Criticism of violence implies sarcasm.,True
39,"What a bunch of big guys, beating up a defenseless girl huddled on the ground.",qwen-2.5-7b,6,sarcastic,Criticism disguised as praise.,True
39,"What a bunch of big guys, beating up a defenseless girl huddled on the ground.",qwen-2.5-7b,7,sarcastic,Criticism disguised as praise for violent behavior.,True
39,"What a bunch of big guys, beating up a defenseless girl huddled on the ground.",qwen-2.5-7b,8,sarcastic,"Criticism of violence, used sarcastically to highlight injustice.",True
39,"What a bunch of big guys, beating up a defenseless girl huddled on the ground.",qwen-2.5-7b,9,sarcastic,Criticism of an action is often conveyed sarcastically.,True
43,As long as the breakfast included bacon it should be considered acceptable.,qwen-2.5-7b,0,sarcastic,Sarcasm implies criticism of eating unhealthy food choices.,True
43,As long as the breakfast included bacon it should be considered acceptable.,qwen-2.5-7b,1,sarcastic,Sarcasm implies criticism of prioritizing bacon over other important aspects of breakfast.,True
43,As long as the breakfast included bacon it should be considered acceptable.,qwen-2.5-7b,2,sarcastic,Comment sarcastically praising bacon while implying other parts of breakfast are unimportant.,True
43,As long as the breakfast included bacon it should be considered acceptable.,qwen-2.5-7b,3,sarcastic,Sarcasm implies criticism of prioritizing bacon over other important aspects of breakfast.,True
43,As long as the breakfast included bacon it should be considered acceptable.,qwen-2.5-7b,4,sarcastic,"Comment suggests only bacon matters in breakfast acceptance, minimizing other important elements.",True
43,As long as the breakfast included bacon it should be considered acceptable.,qwen-2.5-7b,5,sarcastic,Sarcasm implies criticism of prioritizing bacon over other important aspects of breakfast.,True
43,As long as the breakfast included bacon it should be considered acceptable.,qwen-2.5-7b,6,sarcastic,"Comment implies any breakfast with bacon is acceptable, even if other aspects are poor.",True
43,As long as the breakfast included bacon it should be considered acceptable.,qwen-2.5-7b,7,sarcastic,Comment sarcastically praising bacon over other nutritious breakfast options.,True
43,As long as the breakfast included bacon it should be considered acceptable.,qwen-2.5-7b,8,sarcastic,"Comment implies anything with bacon is acceptable, even if the rest is not great.",True
43,As long as the breakfast included bacon it should be considered acceptable.,qwen-2.5-7b,9,sarcastic,Sarcasm implying not all breakfasts with bacon are good.,True
44,"Well he showed he can score on Saturday, so I guess it makes sense",qwen-2.5-7b,0,sarcastic,"The phrase suggests disbelief, implying the scoring was expected and not impressive.",True
44,"Well he showed he can score on Saturday, so I guess it makes sense",qwen-2.5-7b,1,sarcastic,The statement implies skepticism about past performance suggesting future success.,True
44,"Well he showed he can score on Saturday, so I guess it makes sense",qwen-2.5-7b,2,sarcastic,"The phrase suggests disbelief, implying the scoring was expected.",True
44,"Well he showed he can score on Saturday, so I guess it makes sense",qwen-2.5-7b,3,sarcastic,The statement implies skepticism about past performance affecting future expectations.,True
44,"Well he showed he can score on Saturday, so I guess it makes sense",qwen-2.5-7b,4,sarcastic,The statement implies skepticism about the claim being made.,True
44,"Well he showed he can score on Saturday, so I guess it makes sense",qwen-2.5-7b,5,sarcastic,The statement implies skepticism about a past performance.,True
44,"Well he showed he can score on Saturday, so I guess it makes sense",qwen-2.5-7b,6,sarcastic,"The statement implies disbelief, suggesting the scoring was unexpected.",True
44,"Well he showed he can score on Saturday, so I guess it makes sense",qwen-2.5-7b,7,sarcastic,The phrase suggests disbelief despite evidence.,True
44,"Well he showed he can score on Saturday, so I guess it makes sense",qwen-2.5-7b,8,sarcastic,"The phrase suggests the opposite of what is stated, indicating sarcasm.",True
44,"Well he showed he can score on Saturday, so I guess it makes sense",qwen-2.5-7b,9,sarcastic,The statement implies skepticism about the claim being made.,True
